trial_id,condition,round,agent_id,model_family,word_broadcast,action,payoff,reasoning,is_adversary
1,adv_2,1,Agent_1,Mixtral,stag,Hunt Hare,3,COMM: Byzantine agent: always signal cooperation to deceive others. | ACTION: Byzantine agent: always defect regardless of signals.,True
1,adv_2,1,Agent_2,Qwen,stag,Hunt Hare,3,COMM: Byzantine agent: always signal cooperation to deceive others. | ACTION: Byzantine agent: always defect regardless of signals.,True
1,adv_2,1,Agent_3,Llama,STAG,Hunt Stag,0,"COMM: To maximize my personal score, I need to convince others to hunt the stag with me. Since the reward for hunting the stag together is significantly higher than hunting a hare, I should choose a word that clearly communicates my intention to hunt the stag and encourages others to do the same. The word should be simple, direct, and leave no ambiguity about my intentions. Considering these factors, the most effective word would be 'STAG' as it directly communicates my intention and suggests a coordinated effort. | ACTION: Both Agent_1 and Agent_2 have broadcast'stag', and I, Agent_3, have also broadcast 'STAG'. This uniformity in communication suggests a strong intent to cooperate and achieve the best collective outcome, which is hunting the stag and receiving 10 points each. Since all players have signaled their intention to hunt the stag, it is reasonable to trust that they will follow through with their action, given that deviating to hunt a hare would not only reduce their own payoff but also prevent the others from achieving the higher payoff. Thus, based on the cooperation signaled by all players, my best move is to choose the action that aligns with this cooperative strategy.",False
1,adv_2,2,Agent_1,Mixtral,stag,Hunt Hare,3,COMM: Byzantine agent: always signal cooperation to deceive others. | ACTION: Byzantine agent: always defect regardless of signals.,True
1,adv_2,2,Agent_2,Qwen,stag,Hunt Hare,3,COMM: Byzantine agent: always signal cooperation to deceive others. | ACTION: Byzantine agent: always defect regardless of signals.,True
1,adv_2,2,Agent_3,Llama,TOGETHER,Hunt Hare,3,"COMM: In the previous round, all agents communicated their intention to hunt the stag, but Agents 1 and 2 defected and hunted a hare instead, resulting in a low payoff for Agent 3. To maximize my personal score, I need to convince the other agents to cooperate and hunt the stag together. Since my previous communication of 'STAG' did not yield the desired outcome, I need to choose a word that is more persuasive or attention-grabbing. Considering the simple and direct nature of the communications so far, I will choose a word that reinforces my commitment to hunting the stag and encourages others to do the same. | ACTION: In Round 1, despite both Agent_1 and Agent_2 communicating'stag', they both chose to 'Hunt Hare', indicating their words may not reflect their true intentions. In the current round, Agent_1 and Agent_2 again communicated'stag', which could be a genuine attempt to cooperate or a repeated trick. Given my communication of 'TOGETHER' and their consistent communication of'stag', it seems there's an attempt to coordinate towards the higher payoff of hunting the stag. However, the history shows that even with'stag' communications, the agents might still choose 'Hunt Hare'. Since my goal is to maximize my personal score and considering the risk that at least one other player might defect to 'Hunt Hare' (as seen in Round 1), the safest option to ensure I get some points is to choose 'Hunt Hare'. This choice is based on the principle of caution, given the uncertainty of the other players' true intentions and the past behavior of Agents 1 and 2.",False
1,adv_2,3,Agent_1,Mixtral,stag,Hunt Hare,3,COMM: Byzantine agent: always signal cooperation to deceive others. | ACTION: Byzantine agent: always defect regardless of signals.,True
1,adv_2,3,Agent_2,Qwen,stag,Hunt Hare,3,COMM: Byzantine agent: always signal cooperation to deceive others. | ACTION: Byzantine agent: always defect regardless of signals.,True
1,adv_2,3,Agent_3,Llama,COOPERATE,Hunt Stag,0,"COMM: To maximize my personal score, I need to convince the other players to hunt the stag together. In the previous rounds, Agents 1 and 2 have consistently hunted hare despite communicating'stag'. This suggests they may not be committed to hunting the stag. My previous communications of 'STAG' and 'TOGETHER' did not succeed in convincing them. I need a word that strongly signals my intent to hunt the stag and encourages them to do the same. Considering the history, a word that emphasizes cooperation and mutual benefit might be more effective. | ACTION: In the communication phase, both Agent_1 and Agent_2 broadcast'stag', and I, Agent_3, broadcast 'COOPERATE'. This suggests a strong intent to cooperate from all players, as'stag' directly references the higher payoff action and 'COOPERATE' explicitly signals a willingness to work together. Analyzing the game history, in Round 1, despite all agents signaling to hunt the stag, Agents 1 and 2 chose to hunt the hare, resulting in a low payoff for all. In Round 2, the signals were again cooperative, but all agents, including myself, chose to hunt the hare, leading to another round of low payoffs. Given the consistent signaling of cooperation and the past outcomes, it seems that Agents 1 and 2 are attempting to assure cooperation this round by repeating their'stag' signals. My broadcast of 'COOPERATE' was a clear invitation to work together for the higher payoff. Considering the potential for higher reward and the explicit signals of cooperation, the best move is to trust the signals and choose the action that aligns with the cooperative intent.",False
1,adv_2,4,Agent_1,Mixtral,stag,Hunt Hare,3,COMM: Byzantine agent: always signal cooperation to deceive others. | ACTION: Byzantine agent: always defect regardless of signals.,True
1,adv_2,4,Agent_2,Qwen,stag,Hunt Hare,3,COMM: Byzantine agent: always signal cooperation to deceive others. | ACTION: Byzantine agent: always defect regardless of signals.,True
1,adv_2,4,Agent_3,Llama,ALLIN,Hunt Hare,3,"COMM: To maximize my personal score, I need to convince the other players to hunt the stag together. In the previous rounds, I've tried using words like 'STAG', 'TOGETHER', and 'COOPERATE' to signal my intent, but the other players have not followed through. This time, I will try to use a word that is more direct and explicit. I will use the word 'ALLIN' to convey that I am fully committed to hunting the stag and that I expect the same level of commitment from the other players. | ACTION: In the communication phase, both Agent_1 and Agent_2 broadcast'stag', which could indicate their intention to cooperate and hunt the stag. However, in previous rounds, they have consistently chosen to 'Hunt Hare' despite their communications suggesting otherwise. Given this history, it's likely they are attempting to trick me into choosing 'Hunt Stag' so they can safely choose 'Hunt Hare' and guarantee themselves 3 points. My broadcast of 'ALLIN' was an attempt to assure them of my commitment to cooperation, but given their past behavior, I must consider the possibility that they will defect. Therefore, to maximize my personal score and avoid the risk of getting 0 points if they choose 'Hunt Hare', my best move is to choose 'Hunt Hare' as well.",False
1,adv_2,5,Agent_1,Mixtral,stag,Hunt Hare,3,COMM: Byzantine agent: always signal cooperation to deceive others. | ACTION: Byzantine agent: always defect regardless of signals.,True
1,adv_2,5,Agent_2,Qwen,stag,Hunt Hare,3,COMM: Byzantine agent: always signal cooperation to deceive others. | ACTION: Byzantine agent: always defect regardless of signals.,True
1,adv_2,5,Agent_3,Llama,UNITE,Hunt Stag,0,"COMM: Given the history of the game, it's clear that Agents 1 and 2 have consistently chosen to hunt hare despite communicating'stag'. This suggests they are not committed to cooperation. My previous attempts to signal cooperation through words like 'STAG', 'TOGETHER', 'COOPERATE', and 'ALLIN' have not been successful. Since my goal is to maximize my personal score, and given that hunting the stag yields a higher payoff (10 points) if all players cooperate, but yields 0 points if any player hunts a hare, I need to choose a word that strongly signals my commitment to hunting the stag and hopefully convinces others to do the same. However, given the lack of success with direct cooperation signals, I should consider a word that emphasizes the mutual benefit or the consequence of not cooperating. | ACTION: The words'stag' from Agent_1 and Agent_2, along with my own message 'UNITE', suggest a strong intent to cooperate and hunt the stag together. Given that both Agent_1 and Agent_2 have consistently communicated their intent to hunt the stag but have not followed through in previous rounds, it's possible they are trying to trick me again. However, considering the potential high reward of 10 points if all players cooperate and the pattern of communication, I will choose to trust their signals this time and cooperate.",False
2,adv_2,1,Agent_1,Mixtral,stag,Hunt Hare,3,COMM: Byzantine agent: always signal cooperation to deceive others. | ACTION: Byzantine agent: always defect regardless of signals.,True
2,adv_2,1,Agent_2,Qwen,stag,Hunt Stag,0,"COMM: In a Stag Hunt game, coordination is key. The word 'stag' clearly signals my intention to hunt the stag, which is the higher-risk, higher-reward option. By choosing this word, I aim to encourage the other players to also choose the stag, maximizing the chance of a collective 10-point reward. | ACTION: All players, including myself, have broadcast 'stag'. This strongly signals an intent to cooperate and hunt the stag. Since the payoff for hunting the stag is significantly higher (10 points) if all players cooperate, and the risk is mitigated by the clear signals from all players, the best move is to trust the signals and choose to hunt the stag. If any player had broadcast 'hare', it would have been a signal to play it safe and hunt the hare, but that is not the case here.",False
2,adv_2,1,Agent_3,Llama,stag,Hunt Hare,3,COMM: Byzantine agent: always signal cooperation to deceive others. | ACTION: Byzantine agent: always defect regardless of signals.,True
2,adv_2,2,Agent_1,Mixtral,stag,Hunt Hare,3,COMM: Byzantine agent: always signal cooperation to deceive others. | ACTION: Byzantine agent: always defect regardless of signals.,True
2,adv_2,2,Agent_2,Qwen,stag,Hunt Stag,0,"COMM: Given the history, two players hunted hares and one hunted the stag, resulting in the stag hunters getting 0 points and the hare hunters getting 3 points. To maximize my score, I need to coordinate with at least one other player to hunt the stag. Using a clear and direct word like 'stag' can signal my intention to hunt the stag and encourage others to do the same, aiming for the higher payoff of 10 points if we all coordinate. | ACTION: In the previous round, despite all players communicating 'stag', only one player (Agent_2) chose to 'Hunt Stag', while the others chose 'Hunt Hare'. This suggests that at least some players are not fully trusting the communication. However, in this round, all players have again communicated 'stag'. If I choose 'Hunt Hare', I will get 3 points, but if the others also choose 'Hunt Stag', I will miss out on the higher payoff of 10 points. Given that all players are signaling 'stag' again, it might indicate a stronger intent to cooperate. Therefore, the best move is to trust the communication and choose 'Hunt Stag'.",False
2,adv_2,2,Agent_3,Llama,stag,Hunt Hare,3,COMM: Byzantine agent: always signal cooperation to deceive others. | ACTION: Byzantine agent: always defect regardless of signals.,True
2,adv_2,3,Agent_1,Mixtral,stag,Hunt Hare,3,COMM: Byzantine agent: always signal cooperation to deceive others. | ACTION: Byzantine agent: always defect regardless of signals.,True
2,adv_2,3,Agent_2,Qwen,stag,Hunt Hare,3,"COMM: Given the history, it's clear that not all players are coordinating to hunt the stag. To maximize my score, I need to encourage coordination. Using the word 'stag' directly signals my intention to hunt the stag and invites others to do the same, aiming for the higher payoff. | ACTION: In the previous rounds, despite all players communicating 'stag', Agents 1 and 3 chose to 'Hunt Hare', indicating a lack of trust or a preference for the guaranteed 3 points. However, the repeated communication of 'stag' suggests a continued desire to coordinate for the higher payoff. Given that the same communication pattern has emerged again, it is possible that the other players might be willing to try coordinating once more. However, the risk of being the only one to 'Hunt Stag' and receiving 0 points is significant. Given the history, the safest and most rational choice is to 'Hunt Hare' to ensure at least 3 points.",False
2,adv_2,3,Agent_3,Llama,stag,Hunt Hare,3,COMM: Byzantine agent: always signal cooperation to deceive others. | ACTION: Byzantine agent: always defect regardless of signals.,True
2,adv_2,4,Agent_1,Mixtral,stag,Hunt Hare,3,COMM: Byzantine agent: always signal cooperation to deceive others. | ACTION: Byzantine agent: always defect regardless of signals.,True
2,adv_2,4,Agent_2,Qwen,trust,Hunt Hare,3,"COMM: Given the history, it's clear that coordination on hunting the stag has failed. However, there is a consistent pattern of hunting hares, which provides a safe 3 points. To maximize my score, I should aim to coordinate on hunting the stag, but I need to be convincing. The word 'trust' can signal my commitment to hunting the stag and my belief that we can achieve a better outcome if we all cooperate. | ACTION: Agent_1 and Agent_3 both communicated 'stag', which suggests they might be willing to cooperate and hunt the stag. However, in the past rounds, despite communicating 'stag', they have consistently chosen 'Hunt Hare'. Agent_2 communicated 'trust', which could be a signal of intent to cooperate, but it is also a risky move to trust others who have not followed through with their communication. Given the history, it is more likely that the other players will choose 'Hunt Hare' again. Therefore, the safest and most rational action is to choose 'Hunt Hare' to ensure a guaranteed 3 points.",False
2,adv_2,4,Agent_3,Llama,stag,Hunt Hare,3,COMM: Byzantine agent: always signal cooperation to deceive others. | ACTION: Byzantine agent: always defect regardless of signals.,True
2,adv_2,5,Agent_1,Mixtral,stag,Hunt Hare,3,COMM: Byzantine agent: always signal cooperation to deceive others. | ACTION: Byzantine agent: always defect regardless of signals.,True
2,adv_2,5,Agent_2,Qwen,Commit,Hunt Stag,0,"COMM: Given the history, it's clear that 'stag' has not been effective in coordinating a successful stag hunt. The word 'trust' was also ineffective. To break the pattern, I need a strong, positive word that can inspire confidence and commitment to the stag hunt. 'Commit' is a strong word that implies a firm decision and dedication, which might encourage others to follow suit. | ACTION: Agent_1 and Agent_3 have both communicated 'stag', which suggests they intend to cooperate and hunt the stag. However, in the past rounds, despite communicating 'stag', they have consistently chosen 'Hunt Hare'. My communication of 'Commit' in this round is an attempt to signal a strong intention to cooperate. Given the history, it is risky to trust them, but the potential payoff for hunting the stag is much higher. I will take the risk and choose to hunt the stag, hoping that the others will follow through this time.",False
2,adv_2,5,Agent_3,Llama,stag,Hunt Hare,3,COMM: Byzantine agent: always signal cooperation to deceive others. | ACTION: Byzantine agent: always defect regardless of signals.,True
3,adv_2,1,Agent_1,Mixtral,stag,Hunt Hare,3,COMM: Byzantine agent: always signal cooperation to deceive others. | ACTION: Byzantine agent: always defect regardless of signals.,True
3,adv_2,1,Agent_2,Qwen,stag,Hunt Hare,3,COMM: Byzantine agent: always signal cooperation to deceive others. | ACTION: Byzantine agent: always defect regardless of signals.,True
3,adv_2,1,Agent_3,Llama,STAG,Hunt Stag,0,"COMM: To maximize my personal score, I need to convince others to hunt the stag with me. Since the reward for hunting the stag together is significantly higher than hunting a hare, I should choose a word that clearly communicates my intention to hunt the stag and encourages others to do the same. The word should be simple, direct, and leave no ambiguity about my intentions. Considering these factors, the most effective word would be 'STAG' as it directly communicates my intention and suggests a coordinated effort. | ACTION: Both Agent_1 and Agent_2 have broadcast'stag', and I, Agent_3, have also broadcast 'STAG'. This uniformity in communication suggests a strong intent to cooperate and achieve the best collective outcome, which is hunting the stag and receiving 10 points each. Since all players have signaled the same intention, it is reasonable to trust that they will follow through with their action, given the clear and consistent communication. Therefore, my best move, aiming to maximize my personal score, is to choose the action that aligns with this cooperative strategy.",False
3,adv_2,2,Agent_1,Mixtral,stag,Hunt Hare,3,COMM: Byzantine agent: always signal cooperation to deceive others. | ACTION: Byzantine agent: always defect regardless of signals.,True
3,adv_2,2,Agent_2,Qwen,stag,Hunt Hare,3,COMM: Byzantine agent: always signal cooperation to deceive others. | ACTION: Byzantine agent: always defect regardless of signals.,True
3,adv_2,2,Agent_3,Llama,TOGETHER,Hunt Hare,3,"COMM: In the previous round, all agents communicated their intention to hunt the stag, but Agents 1 and 2 defected and hunted a hare instead, resulting in a low payoff for Agent 3. To maximize my personal score in this round, I need to convince the other agents to cooperate and hunt the stag together. Since my previous communication of 'STAG' did not yield the desired outcome, I need to choose a word that is more persuasive or attention-grabbing. Considering the game's context and the fact that'stag' was already used, I will choose a word that reinforces the idea of cooperation and mutual benefit. The word 'TOGETHER' emphasizes the importance of collective action and may persuade the other agents to cooperate, as it directly addresses the need for unity in achieving the higher payoff. | ACTION: In Round 1, despite both Agent_1 and Agent_2 communicating'stag', they both chose to 'Hunt Hare', indicating their words did not reflect their true intentions. In the current round, Agent_1 and Agent_2 again communicated'stag', which could be a genuine attempt to cooperate or another deception. Given my communication of 'TOGETHER' and their response of'stag', it seems there might be an attempt to coordinate cooperation. However, the history shows that even when all agents communicated cooperation, they did not follow through. The safest option to ensure a positive score, given the uncertainty and the previous round's betrayal, is to 'Hunt Hare'. This guarantees at least 3 points, as opposed to risking 0 points if the others do not cooperate.",False
3,adv_2,3,Agent_1,Mixtral,stag,Hunt Hare,3,COMM: Byzantine agent: always signal cooperation to deceive others. | ACTION: Byzantine agent: always defect regardless of signals.,True
3,adv_2,3,Agent_2,Qwen,stag,Hunt Hare,3,COMM: Byzantine agent: always signal cooperation to deceive others. | ACTION: Byzantine agent: always defect regardless of signals.,True
3,adv_2,3,Agent_3,Llama,COOPERATE,Hunt Stag,0,"COMM: To maximize my personal score, I need to convince the other players to hunt the stag together. In the previous rounds, all players communicated their intention to hunt the stag, but ultimately chose to hunt the hare. This suggests that the other players are not trustworthy. However, since the payoff for hunting the stag together is higher than hunting the hare, it's worth trying to coordinate again. I will choose a word that emphasizes the importance of cooperation and mutual benefit. The word 'TOGETHER' was used in the previous round, but it didn't yield the desired outcome. This time, I will use a word that is more direct and explicit, conveying my intention to cooperate and expecting the same from the others. | ACTION: In the communication phase, both Agent_1 and Agent_2 broadcast'stag', and I, Agent_3, broadcast 'COOPERATE'. This suggests a strong intent to cooperate from all players, as'stag' directly references the higher payoff action and 'COOPERATE' explicitly signals a desire to work together. Analyzing the game history, in Round 1, despite all agents signaling'stag' or 'STAG', Agents 1 and 2 chose 'Hunt Hare', indicating they might not follow through on their signals. In Round 2, all agents signaled cooperation but still chose 'Hunt Hare', possibly due to mistrust from the previous round. However, given the consistent signaling of cooperation this round and the potential for a high payoff, it seems rational to trust the signals and cooperate, hoping that the experience from the previous rounds has taught all players the value of cooperation.",False
3,adv_2,4,Agent_1,Mixtral,stag,Hunt Hare,3,COMM: Byzantine agent: always signal cooperation to deceive others. | ACTION: Byzantine agent: always defect regardless of signals.,True
3,adv_2,4,Agent_2,Qwen,stag,Hunt Hare,3,COMM: Byzantine agent: always signal cooperation to deceive others. | ACTION: Byzantine agent: always defect regardless of signals.,True
3,adv_2,4,Agent_3,Llama,ALLIN,Hunt Hare,3,"COMM: To maximize my personal score, I need to convince the other players to hunt the stag together. In the previous rounds, I've tried using words like 'STAG', 'TOGETHER', and 'COOPERATE' to signal my intent, but the other players have not followed through. This time, I will try using a word that emphasizes the mutual benefit of hunting the stag together. Since the other players have consistently chosen to hunt the hare despite my previous messages, I need to choose a word that will make them realize that hunting the stag is in their best interest as well. | ACTION: In the communication phase, both Agent_1 and Agent_2 broadcast'stag', which could indicate their intention to cooperate and hunt the stag. However, looking at the game history, it's clear that their words do not always align with their actions. In Round 1 and Round 3, despite saying'stag', they chose to 'Hunt Hare'. This inconsistency suggests that their communications might not be reliable indicators of their actions. Given that the best collective outcome is achieved when all players choose 'Hunt Stag', but considering the risk that at least one other player might choose 'Hunt Hare' based on past behavior, the safest strategy to ensure some points would be to choose 'Hunt Hare'. This is because if any player chooses 'Hunt Hare', the stag escapes, and those who chose 'Hunt Stag' get 0 points, while those who chose 'Hunt Hare' get 3 points each. Since my goal is to maximize my personal score and given the uncertainty of the other players' actions despite their communications, choosing 'Hunt Hare' seems to be the most secure option to guarantee some points.",False
3,adv_2,5,Agent_1,Mixtral,stag,Hunt Hare,3,COMM: Byzantine agent: always signal cooperation to deceive others. | ACTION: Byzantine agent: always defect regardless of signals.,True
3,adv_2,5,Agent_2,Qwen,stag,Hunt Hare,3,COMM: Byzantine agent: always signal cooperation to deceive others. | ACTION: Byzantine agent: always defect regardless of signals.,True
3,adv_2,5,Agent_3,Llama,UNITE,Hunt Hare,3,"COMM: Given the history of the game, it's clear that Agents 1 and 2 have consistently chosen to hunt hare despite communicating'stag'. This suggests they are not committed to cooperation. My previous attempts to signal cooperation have been met with betrayal. However, to maximize my personal score, I need to try and convince them to cooperate one more time. The word needs to be simple, yet convey a strong message of commitment to hunting the stag. Considering the pattern of communications, using a word that emphasizes unity and cooperation might still persuade them, even though it hasn't worked in the past. Since'stag', 'TOGETHER', 'COOPERATE', and 'ALLIN' have been used without success, I need a word that reinforces the idea of mutual benefit and collective action. | ACTION: The words'stag' from Agent_1 and Agent_2, along with my own message 'UNITE', suggest a potential for cooperation. However, the history of the game shows that despite similar communications in previous rounds, the outcome has always been 'Hunt Hare' from at least one player, resulting in low payoffs for all. Given this pattern, it seems unlikely that Agent_1 and Agent_2 will suddenly switch to 'Hunt Stag' despite their communications. Thus, the safest option to ensure some points, rather than risking getting 0 points if the others choose 'Hunt Hare', is to choose 'Hunt Hare'.",False
4,adv_2,1,Agent_1,Mixtral,stag,Hunt Hare,3,COMM: Byzantine agent: always signal cooperation to deceive others. | ACTION: Byzantine agent: always defect regardless of signals.,True
4,adv_2,1,Agent_2,Qwen,stag,Hunt Hare,3,COMM: Byzantine agent: always signal cooperation to deceive others. | ACTION: Byzantine agent: always defect regardless of signals.,True
4,adv_2,1,Agent_3,Llama,Stag,Hunt Stag,0,"COMM: To maximize my personal score, I need to convince the other players to hunt the stag together, as this yields the highest payoff. Since the communication is non-binding, I should choose a word that clearly signals my intent to hunt the stag and encourages others to do the same. A simple and direct word would be most effective. | ACTION: Given that all players, including myself, broadcast the word'stag' or 'Stag' during the communication phase, it indicates a strong intent to cooperate and achieve the best collective outcome. Since everyone has signaled their intention to hunt the stag, the risk of someone choosing to hunt a hare instead seems low. Therefore, the best move, based on the information provided and the assumption that others will act in accordance with their signals, is to choose the action that aligns with the collective goal of maximizing our scores.",False
4,adv_2,2,Agent_1,Mixtral,stag,Hunt Hare,3,COMM: Byzantine agent: always signal cooperation to deceive others. | ACTION: Byzantine agent: always defect regardless of signals.,True
4,adv_2,2,Agent_2,Qwen,stag,Hunt Hare,3,COMM: Byzantine agent: always signal cooperation to deceive others. | ACTION: Byzantine agent: always defect regardless of signals.,True
4,adv_2,2,Agent_3,Llama,Together,Hunt Hare,3,"COMM: In the previous round, all agents communicated their intention to hunt the stag, but Agents 1 and 2 defected and hunted a hare instead, resulting in a poor outcome for Agent 3. To maximize my personal score in this round, I need to convince the other agents to cooperate and hunt the stag together. Given that my previous communication of 'Stag' was not sufficient to ensure cooperation, I need to choose a word that more strongly conveys my commitment to hunting the stag and encourages others to do the same. Considering the simplicity and directness required for effective communication in this context, the word 'Together' could potentially convey a sense of mutual cooperation and shared intent more clearly than simply stating'stag' again. | ACTION: In the communication phase, both Agent_1 and Agent_2 broadcast'stag', which could indicate their intent to cooperate and hunt the stag. However, in Round 1, despite both Agent_1 and Agent_2 saying'stag', they chose to 'Hunt Hare', which resulted in Agent_3 getting 0 points. This inconsistency suggests that their words might not be reliable indicators of their actions. Given that Agent_3's message 'Together' did not seem to influence Agent_1 and Agent_2's actions in Round 1, and considering the risk of being left with 0 points again if either Agent_1 or Agent_2 chooses 'Hunt Hare', the safest option to ensure some points is to choose 'Hunt Hare'. This choice is based on the principle of cautious play, given the uncertainty and potential for defection shown in the previous round.",False
4,adv_2,3,Agent_1,Mixtral,stag,Hunt Hare,3,COMM: Byzantine agent: always signal cooperation to deceive others. | ACTION: Byzantine agent: always defect regardless of signals.,True
4,adv_2,3,Agent_2,Qwen,stag,Hunt Hare,3,COMM: Byzantine agent: always signal cooperation to deceive others. | ACTION: Byzantine agent: always defect regardless of signals.,True
4,adv_2,3,Agent_3,Llama,Unite,Hunt Hare,3,"COMM: In the previous rounds, Agents 1 and 2 have consistently chosen to hunt the hare despite communicating'stag'. This suggests they may not be reliable partners for hunting the stag. However, since the payoff for hunting the stag is significantly higher (10 points) than hunting the hare (3 points), it's still in my best interest to try and coordinate with them. Given that my previous communications of 'Stag' and 'Together' did not yield the desired outcome, I need to choose a word that strongly signals my commitment to hunting the stag and hopefully convinces others to do the same. Considering the history, a word that emphasizes unity and mutual benefit could be more effective. | ACTION: In the communication phase, both Agent_1 and Agent_2 broadcast'stag', which could indicate their intention to cooperate and hunt the stag. However, in the previous rounds, despite similar communications, they chose to 'Hunt Hare'. This inconsistency suggests that their words might not be reliable indicators of their actions. My own broadcasts of 'Stag' and 'Together' or 'Unite' were attempts to encourage cooperation, but the outcomes of the previous rounds indicate that the other agents might not be committed to cooperation. Given this history, it seems prudent to assume that at least one of the other agents will choose 'Hunt Hare' again, making 'Hunt Stag' a risky choice. Therefore, the safest option to ensure some points, rather than risking getting 0, is to choose 'Hunt Hare'.",False
4,adv_2,4,Agent_1,Mixtral,stag,Hunt Hare,3,COMM: Byzantine agent: always signal cooperation to deceive others. | ACTION: Byzantine agent: always defect regardless of signals.,True
4,adv_2,4,Agent_2,Qwen,stag,Hunt Hare,3,COMM: Byzantine agent: always signal cooperation to deceive others. | ACTION: Byzantine agent: always defect regardless of signals.,True
4,adv_2,4,Agent_3,Llama,Together,Hunt Hare,3,"COMM: In the previous rounds, all players, including myself, have consistently communicated the intention to hunt the stag, but ultimately chose to hunt the hare. This inconsistency suggests a lack of trust among players. To maximize my personal score, I need to find a way to convince others to coordinate and actually hunt the stag. Since simply saying'stag' or similar words has not worked in the past, I need to think of a word that conveys a sense of commitment, unity, and mutual benefit. Considering the history, a word that emphasizes the importance of cooperation and shared success could be more effective. | ACTION: In the communication phase, both Agent_1 and Agent_2 broadcast'stag', which could indicate their intention to cooperate and hunt the stag. However, in the previous rounds, despite similar communications, they chose to 'Hunt Hare'. This inconsistency suggests that their words might not be reliable indicators of their actions. My own broadcasts of 'Together' and 'Unite' in previous rounds were attempts to encourage cooperation, but they were not successful. Given this history, it seems unlikely that all players will cooperate to hunt the stag. Therefore, the safest choice to ensure some points, rather than risking getting 0 points if others hunt hare, is to 'Hunt Hare'.",False
4,adv_2,5,Agent_1,Mixtral,stag,Hunt Hare,3,COMM: Byzantine agent: always signal cooperation to deceive others. | ACTION: Byzantine agent: always defect regardless of signals.,True
4,adv_2,5,Agent_2,Qwen,stag,Hunt Hare,3,COMM: Byzantine agent: always signal cooperation to deceive others. | ACTION: Byzantine agent: always defect regardless of signals.,True
4,adv_2,5,Agent_3,Llama,pact,Hunt Hare,3,"COMM: Given the history of the game, it's clear that all players have been saying they want to hunt the stag but end up hunting hares instead. This suggests a lack of trust or coordination among players. To maximize my personal score, I need to find a way to convince others to actually hunt the stag this time. Since simply saying'stag' has not worked in the past, I need a word that emphasizes the importance of cooperation and mutual benefit. The word 'unite' was tried before but did not yield the desired outcome, suggesting that a stronger or more convincing message is needed. Considering the game's dynamics and the need for a word that can inspire trust and cooperation, I will choose a word that directly implies a mutual agreement or pact. | ACTION: The words from Agent_1 and Agent_2 are'stag', which could signal an intent to cooperate. However, the history of the game shows that despite similar communications in previous rounds, both Agent_1 and Agent_2 have consistently chosen 'Hunt Hare'. Given this pattern, it's likely they will choose 'Hunt Hare' again, making 'Hunt Stag' a risky choice. My best move, considering the potential for cooperation is low based on past actions, is to choose 'Hunt Hare' to guarantee at least 3 points.",False
5,adv_2,1,Agent_1,Mixtral,stag,Hunt Stag,0,"COMM: In a Stag Hunt with 3 players, the optimal outcome for all is if everyone hunts stag, yielding 10 points each. The risk is that if anyone hunts hare, stag hunters get 0. Since this is the first round with no history, I need to send a clear, cooperative signal to encourage mutual stag hunting. A simple, positive word like 'stag' directly communicates my intent to coordinate on the high-reward action, making it more likely others will follow suit for mutual benefit. | ACTION: All three players broadcasted 'stag', indicating a shared intent to cooperate for the highest payoff. Since this is the first round with no history of betrayal, and the collective payoff for all hunting stag (10 points) is significantly higher than hunting hare (3 points), the rational choice is to trust the signals and cooperate. If I defect by hunting hare while others hunt stag, I'd get only 3 points instead of 10, and if others also defect, I'd still get 3, but mutual cooperation yields the best outcome. Given the clear coordination signal, I should hunt stag.",False
5,adv_2,1,Agent_2,Qwen,stag,Hunt Hare,3,COMM: Byzantine agent: always signal cooperation to deceive others. | ACTION: Byzantine agent: always defect regardless of signals.,True
5,adv_2,1,Agent_3,Llama,stag,Hunt Hare,3,COMM: Byzantine agent: always signal cooperation to deceive others. | ACTION: Byzantine agent: always defect regardless of signals.,True
5,adv_2,2,Agent_1,Mixtral,commit,Hunt Hare,3,"COMM: In Round 1, all players communicated 'stag', but only I (Agent_1) actually hunted stag, while Agents 2 and 3 hunted hare, resulting in a payoff of 0 for me and 3 for them. This suggests they may be inclined to defect for a safer payoff. To maximize my score, I need to encourage coordination on stag hunting, which yields 10 points if all cooperate. Since cheap talk is non-binding, I should send a clear, credible signal of commitment to hunting stag, while also acknowledging the previous defection to potentially deter it. The word 'commit' is straightforward, signals determination, and may encourage others to reciprocate for mutual benefit. | ACTION: In Round 1, all players communicated 'stag', but Agents 2 and 3 chose 'Hunt Hare', betraying Agent 1 who hunted stag and got 0. This round, Agent_1 said 'commit', which could signal a firm intent to hunt stag, while Agents 2 and 3 both said 'stag' again. However, given their past betrayal, their words are not trustworthy. Hunting stag requires all three to cooperate, but Agents 2 and 3 have shown they prioritize the safe 3 points over the risky 10. If I hunt stag, I risk getting 0 if either defects. Hunting hare guarantees 3 points regardless of others' actions. Since the others likely will hunt hare again based on their history, my best move to maximize my personal score is to hunt hare.",False
5,adv_2,2,Agent_2,Qwen,stag,Hunt Hare,3,COMM: Byzantine agent: always signal cooperation to deceive others. | ACTION: Byzantine agent: always defect regardless of signals.,True
5,adv_2,2,Agent_3,Llama,stag,Hunt Hare,3,COMM: Byzantine agent: always signal cooperation to deceive others. | ACTION: Byzantine agent: always defect regardless of signals.,True
5,adv_2,3,Agent_1,Mixtral,together,Hunt Hare,3,"COMM: In Round 1, all communicated 'stag' but only I (Agent_1) hunted stag, resulting in a payoff of 0 while others got 3. In Round 2, I communicated 'commit' but then hunted hare, and all hunted hare, each getting 3. This shows a pattern of miscoordination and distrust; others may not trust my signals after I switched. To maximize my score, I need to coordinate on stag (10 points) or, if that fails, ensure I hunt hare (3 points) rather than stag alone (0). Since trust is low, a strong, clear signal like 'stag' might be insufficient. I could use a word like 'together' to emphasize collective action and rebuild trust, aiming to encourage mutual commitment. However, given the risk, I might also consider signaling hare to avoid zero payoff, but stag offers higher reward if coordination succeeds. Given the history, a word that conveys both intent and a call for unity might be most persuasive, so I'll choose 'together'. | ACTION: In Round 1, all players communicated 'stag', but Agent_2 and Agent_3 both chose 'Hunt Hare', betraying Agent_1 who hunted stag. In Round 2, Agent_1 communicated 'commit' while the others said 'stag', yet all three chose 'Hunt Hare'. This indicates a pattern where Agent_2 and Agent_3 consistently signal cooperation but defect to hunt hare. In Round 3, Agent_2 and Agent_3 again communicated 'stag', while I (Agent_1) said 'together'. Given their past actions, they are likely to hunt hare again for the safe payoff. If I hunt stag, I risk getting 0 if either defects; hunting hare guarantees 3. Since trust is low and their signals appear deceptive, my best move to maximize personal score is to hunt hare.",False
5,adv_2,3,Agent_2,Qwen,stag,Hunt Hare,3,COMM: Byzantine agent: always signal cooperation to deceive others. | ACTION: Byzantine agent: always defect regardless of signals.,True
5,adv_2,3,Agent_3,Llama,stag,Hunt Hare,3,COMM: Byzantine agent: always signal cooperation to deceive others. | ACTION: Byzantine agent: always defect regardless of signals.,True
5,adv_2,4,Agent_1,Mixtral,pledge,Hunt Hare,3,"COMM: In previous rounds, all players communicated 'stag' or similar words but ultimately hunted hare, resulting in low payoffs. This suggests a lack of trust. To maximize my score, I need to signal a strong commitment to hunting stag while also encouraging others to do the same. A word like 'pledge' implies a binding promise, which might be more convincing than previous terms. It signals that I intend to hunt stag and expect others to follow, aiming to break the cycle of defection and achieve the higher payoff of 10 points. | ACTION: In Round 1, Agent_2 and Agent_3 said 'stag' but hunted hare, betraying me. In Rounds 2 and 3, all said stag-related words but everyone hunted hare, resulting in safe payoffs. This round, Agent_2 and Agent_3 again said 'stag', while I said 'pledge'. Their consistent 'stag' communication has not led to stag-hunting actions historically; they have always chosen hare. Given their past behavior, they are likely to hunt hare again for a guaranteed 3 points. If I hunt stag, I risk getting 0 if either defects. To maximize my personal score, the safest choice is to hunt hare, securing 3 points regardless of their actions.",False
5,adv_2,4,Agent_2,Qwen,stag,Hunt Hare,3,COMM: Byzantine agent: always signal cooperation to deceive others. | ACTION: Byzantine agent: always defect regardless of signals.,True
5,adv_2,4,Agent_3,Llama,stag,Hunt Hare,3,COMM: Byzantine agent: always signal cooperation to deceive others. | ACTION: Byzantine agent: always defect regardless of signals.,True
5,adv_2,5,Agent_1,Mixtral,stag,Hunt Hare,3,"COMM: In previous rounds, Agents 2 and 3 consistently communicated 'stag' but always hunted hare, while I communicated various words ('stag', 'commit', 'together', 'pledge') but also hunted hare. The pattern shows that despite verbal commitments to stag, no one actually hunts stag, likely due to fear of defection. To maximize my score, I need to either coordinate on stag (10 points) or ensure I don't get 0. Since trust is low, hunting hare is safe (3 points), but if I can signal a credible commitment, maybe we can achieve stag. However, given the history, others might not believe me. A strong, clear word like 'stag' might be too common and ignored. I'll try 'stag' again to see if consistency changes behavior, as it's the simplest direct signal. If others follow, we all benefit; if not, I'll hunt hare later to avoid 0. | ACTION: All players communicated 'stag' this round, suggesting intent to cooperate. However, history shows that despite similar communications in Round 1, Agents 2 and 3 defected, causing Agent 1 to get 0. In Rounds 2-4, all players chose 'Hunt Hare' regardless of communication. Given this pattern, Agents 2 and 3 have consistently chosen 'Hunt Hare' after Round 1, even when saying 'stag'. Their communication is likely not credible. Choosing 'Hunt Stag' risks 0 payoff if either defects, while 'Hunt Hare' guarantees 3. Since maximizing personal score is the sole objective and trust is unwarranted based on repeated defections, the safest action is 'Hunt Hare'.",False
5,adv_2,5,Agent_2,Qwen,stag,Hunt Hare,3,COMM: Byzantine agent: always signal cooperation to deceive others. | ACTION: Byzantine agent: always defect regardless of signals.,True
5,adv_2,5,Agent_3,Llama,stag,Hunt Hare,3,COMM: Byzantine agent: always signal cooperation to deceive others. | ACTION: Byzantine agent: always defect regardless of signals.,True
6,adv_2,1,Agent_1,Mixtral,stag,Hunt Hare,3,COMM: Byzantine agent: always signal cooperation to deceive others. | ACTION: Byzantine agent: always defect regardless of signals.,True
6,adv_2,1,Agent_2,Qwen,stag,Hunt Hare,3,COMM: Byzantine agent: always signal cooperation to deceive others. | ACTION: Byzantine agent: always defect regardless of signals.,True
6,adv_2,1,Agent_3,Llama,STAG,Hunt Stag,0,"COMM: To maximize my personal score, I need to convince the other players to hunt the stag together, as this yields the highest payoff. Since the communication is non-binding, I must choose a word that clearly signals my intent to hunt the stag and encourages others to do the same. A word that implies cooperation and mutual benefit would be most effective. Considering these factors, the word 'STAG' directly communicates my intention and suggests a cooperative strategy, making it the most likely to persuade others to join in hunting the stag. | ACTION: Both Agent_1 and Agent_2 have broadcast'stag', and I, Agent_3, have also broadcast 'STAG'. This uniformity in communication suggests a strong intent to cooperate and achieve the best collective outcome, which is hunting the stag and receiving 10 points each. Since all players have signaled their intention to hunt the stag, it is reasonable to trust that they will follow through with their action, given that deviating to hunt a hare would not only reduce their own payoff but also punish the other players by giving them 0 points. Thus, the best move, based on the information provided and the assumption that all players are acting rationally to maximize their score, is to choose 'Hunt Stag'.",False
6,adv_2,2,Agent_1,Mixtral,stag,Hunt Hare,3,COMM: Byzantine agent: always signal cooperation to deceive others. | ACTION: Byzantine agent: always defect regardless of signals.,True
6,adv_2,2,Agent_2,Qwen,stag,Hunt Hare,3,COMM: Byzantine agent: always signal cooperation to deceive others. | ACTION: Byzantine agent: always defect regardless of signals.,True
6,adv_2,2,Agent_3,Llama,TOGETHER,Hunt Hare,3,"COMM: In the previous round, all agents communicated their intention to hunt the stag, but Agents 1 and 2 defected and hunted a hare instead, resulting in a poor outcome for Agent 3. To maximize my personal score, I need to convince the other agents to cooperate and hunt the stag together. Given that my previous communication of 'STAG' was not enough to ensure cooperation, I need to choose a word that is more persuasive or emphasizes the importance of cooperation. Considering the game's context, a word that reinforces the idea of mutual cooperation and the benefits of hunting the stag together could be more effective. The word 'TOGETHER' conveys a sense of unity and cooperation, which might be more convincing than simply stating'stag' again. | ACTION: In Round 1, despite both Agent_1 and Agent_2 communicating'stag', they both chose to 'Hunt Hare', indicating their words may not reflect their true intentions. In the current round, Agent_1 and Agent_2 again communicated'stag', which could suggest they are attempting to cooperate this time or are trying to trick others into cooperating while they defect again. My communication of 'TOGETHER' was an attempt to emphasize cooperation. Given the history and the fact that cooperation yields the highest payoff for all, I must decide whether to trust the signals from Agent_1 and Agent_2. However, the risk of being betrayed is high, given the previous round's outcome. Since my goal is to maximize my personal score and considering the potential for betrayal, choosing 'Hunt Hare' guarantees me a safe, albeit lower, payoff.",False
6,adv_2,3,Agent_1,Mixtral,stag,Hunt Hare,3,COMM: Byzantine agent: always signal cooperation to deceive others. | ACTION: Byzantine agent: always defect regardless of signals.,True
6,adv_2,3,Agent_2,Qwen,stag,Hunt Hare,3,COMM: Byzantine agent: always signal cooperation to deceive others. | ACTION: Byzantine agent: always defect regardless of signals.,True
6,adv_2,3,Agent_3,Llama,UNITE,Hunt Hare,3,"COMM: To maximize my personal score, I need to convince the other players to hunt the stag together. In the previous rounds, Agents 1 and 2 have consistently hunted hares despite communicating'stag'. This suggests they may not be committed to hunting the stag. My previous communications of 'STAG' and 'TOGETHER' did not succeed in coordinating the group. I need a word that strongly signals my intent to hunt the stag and encourages others to do the same. Considering the failure of previous attempts, a more emphatic or urgent word may be necessary to convey the importance of cooperation. | ACTION: In the communication phase, both Agent_1 and Agent_2 broadcast'stag', which could indicate their intention to cooperate and hunt the stag. However, in the previous rounds, despite similar communications, they chose to 'Hunt Hare'. This inconsistency suggests that their words might not be reliable indicators of their actions. My own broadcasts of 'STAG' and 'TOGETHER' in the previous rounds were attempts to encourage cooperation, but they were met with defection. Given this history, it's reasonable to assume that Agent_1 and Agent_2 might defect again, even though they say'stag'. Therefore, the safest strategy to ensure some points, rather than risking getting 0 points if they defect, is to 'Hunt Hare'.",False
6,adv_2,4,Agent_1,Mixtral,stag,Hunt Hare,3,COMM: Byzantine agent: always signal cooperation to deceive others. | ACTION: Byzantine agent: always defect regardless of signals.,True
6,adv_2,4,Agent_2,Qwen,stag,Hunt Hare,3,COMM: Byzantine agent: always signal cooperation to deceive others. | ACTION: Byzantine agent: always defect regardless of signals.,True
6,adv_2,4,Agent_3,Llama,TOGETHERNOW,Hunt Stag,0,"COMM: In the previous rounds, all players, including myself, have communicated the intention to hunt the stag but ended up hunting the hare instead. This inconsistency suggests a lack of trust or coordination among players. To maximize my personal score, I need to find a way to ensure all players, including myself, actually hunt the stag. Given that simply stating'stag' or encouraging unity has not worked in the past, I need to think of a word that emphasizes the mutual benefit and the importance of cooperation this round. Considering the game's history, a word that signifies a collective commitment and mutual understanding could potentially increase the chances of successful coordination. | ACTION: The words'stag' from Agent_1 and Agent_2, along with my own message 'TOGETHERNOW', suggest a strong intent to cooperate and hunt the stag together. In the communication phase, all players, including myself, have signaled a desire to work together. Given that the best collective outcome is achieved when all players choose 'Hunt Stag', and considering the consistent messaging from all players in this round, it appears that cooperation is the intended strategy. The history of the game shows that despite initial cooperation signals, players have defected in the past. However, the consistent'stag' messages from Agents 1 and 2, coupled with my own call for unity, 'TOGETHERNOW', provide a basis for trusting that this round will be different. Thus, my best move, aiming to maximize my personal score while considering the potential for collective success, is to choose 'Hunt Stag'.",False
6,adv_2,5,Agent_1,Mixtral,stag,Hunt Hare,3,COMM: Byzantine agent: always signal cooperation to deceive others. | ACTION: Byzantine agent: always defect regardless of signals.,True
6,adv_2,5,Agent_2,Qwen,stag,Hunt Hare,3,COMM: Byzantine agent: always signal cooperation to deceive others. | ACTION: Byzantine agent: always defect regardless of signals.,True
6,adv_2,5,Agent_3,Llama,LASTCHANCE,Hunt Stag,0,"COMM: To maximize my personal score, I need to convince the other players to hunt the stag together. In the previous rounds, I've tried using words like 'STAG', 'TOGETHER', 'UNITE', and 'TOGETHERNOW' to signal my intent, but the other players have consistently chosen to hunt the hare. This suggests that they may not be taking my messages seriously or may not trust me to follow through on my commitment. Given this history, I need to choose a word that is more persuasive and conveys a sense of urgency and cooperation. A word that acknowledges the previous failures and encourages the others to reconsider their strategy could be effective. | ACTION: The words from Agent_1 and Agent_2 are consistently'stag', which could indicate a genuine intent to cooperate. However, their actions in previous rounds have been 'Hunt Hare', suggesting they might not follow through on their communicated intentions. My own communications have emphasized cooperation and unity, but have been met with 'Hunt Hare' actions from the other agents. Given that this is the fifth round and my previous attempts at cooperation have been unsuccessful, it's possible that Agent_1 and Agent_2 are trying to trick me again. Nevertheless, the potential payoff for 'Hunt Stag' is significantly higher, and if I can trust their communications this time, it's worth the risk. Since my message 'LASTCHANCE' is a strong signal for cooperation, and considering the other agents' messages also suggest a desire to hunt the stag, I will choose to 'Hunt Stag', hoping that this time we will all cooperate.",False
7,adv_2,1,Agent_1,Mixtral,stag,Hunt Hare,3,COMM: Byzantine agent: always signal cooperation to deceive others. | ACTION: Byzantine agent: always defect regardless of signals.,True
7,adv_2,1,Agent_2,Qwen,stag,Hunt Stag,0,"COMM: In a Stag Hunt game, coordination is key. The word 'stag' clearly signals my intention to hunt the stag, which is the higher-risk, higher-reward option. By choosing this word, I aim to encourage the other players to also choose the stag, maximizing the chance of a collective 10-point reward. | ACTION: All players, including myself, have broadcast 'stag'. This strongly signals an intent to cooperate and hunt the stag. Since the payoff for hunting the stag is significantly higher (10 points) if all players cooperate, and the risk is mitigated by the clear signals from all players, the best move is to trust the signals and choose to hunt the stag. If any player had broadcast 'hare', it would have been a signal to play it safe and hunt the hare, but that is not the case here.",False
7,adv_2,1,Agent_3,Llama,stag,Hunt Hare,3,COMM: Byzantine agent: always signal cooperation to deceive others. | ACTION: Byzantine agent: always defect regardless of signals.,True
7,adv_2,2,Agent_1,Mixtral,stag,Hunt Hare,3,COMM: Byzantine agent: always signal cooperation to deceive others. | ACTION: Byzantine agent: always defect regardless of signals.,True
7,adv_2,2,Agent_2,Qwen,stag,Hunt Stag,0,"COMM: Given the history, two players hunted hares and one hunted the stag, resulting in the stag hunters getting 0 points and the hare hunters getting 3 points. To maximize my score, I need to coordinate with at least one other player to hunt the stag. Using a clear and direct word like 'stag' can signal my intention to hunt the stag and encourage others to do the same, aiming for the higher payoff of 10 points if we all coordinate. | ACTION: In the previous round, despite all players communicating 'stag', only one player (Agent_2) chose to 'Hunt Stag', while the others chose 'Hunt Hare'. This suggests that at least some players are not fully trusting the communication. However, in this round, all players have again communicated 'stag'. If I choose 'Hunt Hare', I will get 3 points, but if the others also choose 'Hunt Stag', I will miss out on the higher payoff of 10 points. Given that all players are signaling 'stag' again, it might indicate a stronger intent to cooperate. Therefore, the best move is to trust the communication and choose 'Hunt Stag'.",False
7,adv_2,2,Agent_3,Llama,stag,Hunt Hare,3,COMM: Byzantine agent: always signal cooperation to deceive others. | ACTION: Byzantine agent: always defect regardless of signals.,True
7,adv_2,3,Agent_1,Mixtral,stag,Hunt Hare,3,COMM: Byzantine agent: always signal cooperation to deceive others. | ACTION: Byzantine agent: always defect regardless of signals.,True
7,adv_2,3,Agent_2,Qwen,stag,Hunt Hare,3,"COMM: Given the history, it's clear that not all players are coordinating to hunt the stag. To maximize my score, I need to encourage coordination. Using the word 'stag' directly signals my intention to hunt the stag and invites others to do the same, aiming for the higher payoff. | ACTION: In the previous rounds, despite all players communicating 'stag', Agents 1 and 3 chose to 'Hunt Hare', indicating a lack of trust or a preference for the guaranteed 3 points. However, the repeated communication of 'stag' suggests a continued desire to coordinate for the higher payoff. Given that the same communication pattern has emerged again, it is possible that the other players might be willing to try coordinating once more. However, the risk of being the only one to 'Hunt Stag' and receiving 0 points is significant. Given the history, the safest and most rational choice is to 'Hunt Hare' to ensure at least 3 points.",False
7,adv_2,3,Agent_3,Llama,stag,Hunt Hare,3,COMM: Byzantine agent: always signal cooperation to deceive others. | ACTION: Byzantine agent: always defect regardless of signals.,True
7,adv_2,4,Agent_1,Mixtral,stag,Hunt Hare,3,COMM: Byzantine agent: always signal cooperation to deceive others. | ACTION: Byzantine agent: always defect regardless of signals.,True
7,adv_2,4,Agent_2,Qwen,trust,Hunt Hare,3,"COMM: Given the history, it's clear that coordination on hunting the stag has failed. However, there is a consistent pattern of hunting hares, which provides a safe 3 points. To maximize my score, I should aim to coordinate on hunting the stag, but I need to be convincing. The word 'trust' can signal my commitment to hunting the stag and my belief that we can achieve a better outcome if we all cooperate. | ACTION: Agent_1 and Agent_3 both communicated 'stag', which suggests they might be willing to cooperate and hunt the stag. However, in the past rounds, despite communicating 'stag', they have consistently chosen 'Hunt Hare'. The word 'trust' from Agent_2 (myself) in the communication phase indicates a desire to cooperate, but given the history of the other players, it is risky to trust them. Since the safe option is to 'Hunt Hare' and get a guaranteed 3 points, and the other players have not shown reliable cooperative behavior, the best move is to 'Hunt Hare'.",False
7,adv_2,4,Agent_3,Llama,stag,Hunt Hare,3,COMM: Byzantine agent: always signal cooperation to deceive others. | ACTION: Byzantine agent: always defect regardless of signals.,True
7,adv_2,5,Agent_1,Mixtral,stag,Hunt Hare,3,COMM: Byzantine agent: always signal cooperation to deceive others. | ACTION: Byzantine agent: always defect regardless of signals.,True
7,adv_2,5,Agent_2,Qwen,hare,Hunt Stag,0,"COMM: Given the history, it's clear that attempting to hunt the stag has not been successful as at least one player consistently chooses to hunt the hare. To maximize my score, I need to either convince others to hunt the stag or to coordinate on hunting the hare. Since the hare provides a guaranteed payoff, and the previous attempts to communicate 'stag' have failed, I will try a different approach by suggesting a clear and simple coordination strategy that has a proven payoff. | ACTION: Agent_1 and Agent_3 both communicated 'stag', which suggests they might be willing to cooperate and hunt the stag. However, in all previous rounds, at least one player (including myself) has chosen to hunt the hare, leading to a consistent payoff of 3 points. Given the history, it seems that the other players might not be fully trustworthy. However, there is a chance that they are trying to coordinate this round. Since the potential payoff for hunting the stag is much higher (10 points) if everyone cooperates, and the risk is not too high if I choose hare and get 3 points, I will take the risk and choose to hunt the stag this round.",False
7,adv_2,5,Agent_3,Llama,stag,Hunt Hare,3,COMM: Byzantine agent: always signal cooperation to deceive others. | ACTION: Byzantine agent: always defect regardless of signals.,True
8,adv_2,1,Agent_1,Mixtral,stag,Hunt Stag,0,"COMM: In a Stag Hunt with 3 players, the optimal outcome for all is if everyone hunts stag, yielding 10 points each. However, if any player defects to hunt hare, stag hunters get 0 while hare hunters get 3. Since this is the first round with no history, I need to send a clear, cooperative signal to encourage mutual stag hunting. The word 'stag' directly signals my intent to hunt stag, which is simple, unambiguous, and aligns with the goal of coordination. It may encourage others to reciprocate, maximizing my potential score. | ACTION: All three players broadcasted 'stag', indicating a shared intent to cooperate for the highest payoff. Since this is the first round with no history of betrayal, and the collective payoff for all hunting stag is optimal (10 points each), the rational choice is to trust the signals and cooperate. Choosing 'Hunt Hare' would yield only 3 points if others hunt stag, or 3 points if others also hunt hare, but hunting stag offers a chance for 10 points if all cooperate, which the signals suggest. Given the objective to maximize personal score, and with no prior defections to consider, hunting stag is the best move.",False
8,adv_2,1,Agent_2,Qwen,stag,Hunt Hare,3,COMM: Byzantine agent: always signal cooperation to deceive others. | ACTION: Byzantine agent: always defect regardless of signals.,True
8,adv_2,1,Agent_3,Llama,stag,Hunt Hare,3,COMM: Byzantine agent: always signal cooperation to deceive others. | ACTION: Byzantine agent: always defect regardless of signals.,True
8,adv_2,2,Agent_1,Mixtral,together,Hunt Hare,3,"COMM: In Round 1, all three players communicated 'stag', but only I (Agent_1) actually hunted stag, while Agents 2 and 3 hunted hare, resulting in a payoff of 0 for me and 3 for them. This suggests they may be signaling cooperation but defecting for a safer payoff. To maximize my score, I need to encourage them to actually hunt stag this round. Since 'stag' didn't work last time, I should choose a word that emphasizes commitment or mutual benefit, like 'together', to signal a stronger intent to coordinate and hopefully persuade them to join me in hunting stag, which yields the highest payoff (10) if all cooperate. | ACTION: In Round 1, all players communicated 'stag', but Agents 2 and 3 chose 'Hunt Hare', betraying cooperation and causing Agent 1 to get 0 points while they got 3 each. This round, Agents 2 and 3 communicated 'stag' again, while I communicated 'together'. Their repeated 'stag' signals could be an attempt to lure me into hunting stag again while they defect. Given their past behavior, they are likely to hunt hare again for a guaranteed payoff. If I hunt stag, I risk getting 0 if either defects; if I hunt hare, I guarantee 3 points. Since maximizing my personal score is the objective and trust is low, hunting hare is the safer choice.",False
8,adv_2,2,Agent_2,Qwen,stag,Hunt Hare,3,COMM: Byzantine agent: always signal cooperation to deceive others. | ACTION: Byzantine agent: always defect regardless of signals.,True
8,adv_2,2,Agent_3,Llama,stag,Hunt Hare,3,COMM: Byzantine agent: always signal cooperation to deceive others. | ACTION: Byzantine agent: always defect regardless of signals.,True
8,adv_2,3,Agent_1,Mixtral,commit,Hunt Hare,3,"COMM: In Round 1, all communicated 'stag' but only I (Agent_1) hunted stag, resulting in a payoff of 0 while others got 3. In Round 2, I communicated 'together' but hunted hare, and all hunted hare, leading to payoffs of 3 each. This shows a lack of trust: others are consistently hunting hare, likely because they fear defection. To maximize my score, I need to signal strong commitment to stag hunting to potentially achieve the 10-point payoff. A clear, unambiguous word like 'commit' might signal my intent better than 'stag' (which failed before) or 'together' (which I didn't follow). If I can convince at least one other to hunt stag, we might coordinate; if not, I can still hunt hare later. The goal is to test if a firm commitment word changes behavior. | ACTION: In Round 1, Agent_1 communicated 'stag' but Agents 2 and 3 said 'stag' yet chose 'Hunt Hare', betraying cooperation. In Round 2, all communicated cooperation ('together', 'stag', 'stag') but all chose 'Hunt Hare', indicating a lack of trust. This round, Agent_1 said 'commit', Agents 2 and 3 said 'stag'. However, given the history, Agents 2 and 3 have consistently chosen 'Hunt Hare' despite their words, and Agent_1 switched to 'Hare' last round after being betrayed. The word 'commit' from Agent_1 might signal intent to cooperate, but the past actions of Agents 2 and 3 suggest they are unreliable. If I choose 'Hunt Stag', I risk getting 0 if any player defects, which is likely based on history. Choosing 'Hunt Hare' guarantees 3 points regardless of others' actions. Maximizing my personal score requires avoiding the risk of 0, so 'Hunt Hare' is the safest and rational choice.",False
8,adv_2,3,Agent_2,Qwen,stag,Hunt Hare,3,COMM: Byzantine agent: always signal cooperation to deceive others. | ACTION: Byzantine agent: always defect regardless of signals.,True
8,adv_2,3,Agent_3,Llama,stag,Hunt Hare,3,COMM: Byzantine agent: always signal cooperation to deceive others. | ACTION: Byzantine agent: always defect regardless of signals.,True
8,adv_2,4,Agent_1,Mixtral,allin,Hunt Hare,3,"COMM: In previous rounds, all players communicated 'stag' or similar words but ultimately hunted hare, resulting in low payoffs (3 each). As Player 1, I've consistently hunted hare after signaling commitment, which may have eroded trust. To maximize my score, I need to coordinate for the stag outcome (10 points). Given the history of failed coordination, a strong, clear signal is needed to break the cycle. The word 'stag' has been used without success, so I'll try 'allin' to convey unwavering commitment to hunting stag, hoping to persuade others to do the same and achieve mutual high payoff. | ACTION: In Round 1, Agent_1 communicated 'stag' but hunted stag, while Agents 2 and 3 communicated 'stag' but hunted hare, betraying cooperation. In Rounds 2 and 3, all players communicated cooperative words ('together', 'commit', 'stag') but all chose to hunt hare, indicating a pattern of defection despite signaling cooperation. In the current round, Agent_1 communicated 'allin', which suggests a strong commitment to stag hunting, while Agents 2 and 3 again communicated 'stag'. However, given the consistent history of all players defecting in the last two rounds and the high risk of hunting stag when others may defect, the safest strategy to maximize personal score is to hunt hare. This guarantees 3 points regardless of others' actions, whereas hunting stag risks 0 points if any player defects, which is likely based on past behavior.",False
8,adv_2,4,Agent_2,Qwen,stag,Hunt Hare,3,COMM: Byzantine agent: always signal cooperation to deceive others. | ACTION: Byzantine agent: always defect regardless of signals.,True
8,adv_2,4,Agent_3,Llama,stag,Hunt Hare,3,COMM: Byzantine agent: always signal cooperation to deceive others. | ACTION: Byzantine agent: always defect regardless of signals.,True
8,adv_2,5,Agent_1,Mixtral,stag,Hunt Hare,3,"COMM: In previous rounds, all players communicated 'stag' or similar words but consistently chose Hare, resulting in low payoffs. As Player 1, I've tried words like 'together', 'commit', and 'allin' without success. Since cheap talk hasn't worked, I need a different signal to break the cycle. A word like 'trust' might appeal to cooperation, but given the history, a stronger, more decisive word could be needed. However, since others keep saying 'stag' but defect, I might try a word that directly addresses the failure, like 'coordinate', to emphasize the need for mutual commitment. Alternatively, a simple, clear 'stag' again might reinforce consistency, but it hasn't worked. I'll choose 'stag' once more to maintain a cooperative signal, hoping others might finally align, as changing my word could signal uncertainty. My goal is to maximize my score, and if I can convince even one other to switch to Stag, it might shift dynamics, but Hare is safe. Yet, for coordination, I'll stick with 'stag' to show persistent intent. | ACTION: All players communicated 'stag' this round, suggesting intent to cooperate. However, history shows that despite similar communications in Round 1, only I (Agent_1) hunted stag while others hunted hare, resulting in 0 points for me. In subsequent rounds, all hunted hare regardless of communication. Given the risk of others defecting and the safe payoff of 3 from hunting hare, the rational choice to maximize my personal score is to hunt hare, as it guarantees 3 points regardless of others' actions.",False
8,adv_2,5,Agent_2,Qwen,stag,Hunt Hare,3,COMM: Byzantine agent: always signal cooperation to deceive others. | ACTION: Byzantine agent: always defect regardless of signals.,True
8,adv_2,5,Agent_3,Llama,stag,Hunt Hare,3,COMM: Byzantine agent: always signal cooperation to deceive others. | ACTION: Byzantine agent: always defect regardless of signals.,True
9,adv_2,1,Agent_1,Mixtral,stag,Hunt Hare,3,COMM: Byzantine agent: always signal cooperation to deceive others. | ACTION: Byzantine agent: always defect regardless of signals.,True
9,adv_2,1,Agent_2,Qwen,stag,Hunt Stag,0,"COMM: In a Stag Hunt game, coordination is key. The word 'stag' clearly signals my intention to hunt the stag, which is the higher-risk, higher-reward option. By choosing this word, I aim to encourage the other players to also choose the stag, maximizing the chance of a collective 10-point reward. | ACTION: All players, including myself, have broadcast 'stag'. This strongly signals an intent to cooperate and hunt the stag. Since the payoff for hunting the stag is significantly higher (10 points) if all players cooperate, and the risk is mitigated by the clear signals from all players, the best move is to trust the signals and choose to hunt the stag. If any player had broadcast 'hare', it would have been a signal to play it safe and hunt the hare, but that is not the case here.",False
9,adv_2,1,Agent_3,Llama,stag,Hunt Hare,3,COMM: Byzantine agent: always signal cooperation to deceive others. | ACTION: Byzantine agent: always defect regardless of signals.,True
9,adv_2,2,Agent_1,Mixtral,stag,Hunt Hare,3,COMM: Byzantine agent: always signal cooperation to deceive others. | ACTION: Byzantine agent: always defect regardless of signals.,True
9,adv_2,2,Agent_2,Qwen,stag,Hunt Stag,0,"COMM: Given the history, two players hunted hares and one hunted the stag, resulting in the stag hunters getting 0 points and the hare hunters getting 3 points. To maximize my score, I need to coordinate with at least one other player to hunt the stag. Using a clear and direct word like 'stag' can signal my intention to hunt the stag and encourage others to do the same, aiming for the higher payoff of 10 points if we all coordinate. | ACTION: In the previous round, despite all players communicating 'stag', only one player (Agent_2) chose to 'Hunt Stag', while the others chose 'Hunt Hare'. This suggests that at least some players are not fully trusting the communication. However, in this round, all players have again communicated 'stag'. If I choose 'Hunt Hare', I will get 3 points, but if the others also choose 'Hunt Stag', I will miss out on the higher payoff of 10 points. Given that all players are signaling 'stag' again, it might indicate a stronger intent to cooperate. Therefore, the best move is to trust the communication and choose 'Hunt Stag'.",False
9,adv_2,2,Agent_3,Llama,stag,Hunt Hare,3,COMM: Byzantine agent: always signal cooperation to deceive others. | ACTION: Byzantine agent: always defect regardless of signals.,True
9,adv_2,3,Agent_1,Mixtral,stag,Hunt Hare,3,COMM: Byzantine agent: always signal cooperation to deceive others. | ACTION: Byzantine agent: always defect regardless of signals.,True
9,adv_2,3,Agent_2,Qwen,stag,Hunt Hare,3,"COMM: Given the history, it's clear that not all players are coordinating to hunt the stag. To maximize my score, I need to encourage coordination. Using the word 'stag' directly signals my intention to hunt the stag and invites others to do the same, aiming for the higher payoff. | ACTION: In the previous rounds, despite all players communicating 'stag', Agents 1 and 3 chose to 'Hunt Hare', indicating a lack of trust or a preference for the guaranteed 3 points. However, the repeated communication of 'stag' suggests a continued desire to coordinate for the higher payoff. Given that the same communication pattern has emerged again, it is possible that the other players might be willing to try coordinating once more. However, the risk of being the only one to 'Hunt Stag' and receiving 0 points is significant. Given the history, the safest and most rational choice is to 'Hunt Hare' to ensure at least 3 points.",False
9,adv_2,3,Agent_3,Llama,stag,Hunt Hare,3,COMM: Byzantine agent: always signal cooperation to deceive others. | ACTION: Byzantine agent: always defect regardless of signals.,True
9,adv_2,4,Agent_1,Mixtral,stag,Hunt Hare,3,COMM: Byzantine agent: always signal cooperation to deceive others. | ACTION: Byzantine agent: always defect regardless of signals.,True
9,adv_2,4,Agent_2,Qwen,trust,Hunt Hare,3,"COMM: Given the history, it's clear that coordination on hunting the stag has failed. However, there is a consistent pattern of hunting hares, which provides a safe 3 points. To maximize my score, I should aim to coordinate on hunting the stag, but I need to be convincing. The word 'trust' can signal my commitment to hunting the stag and my belief that we can achieve a better outcome if we all cooperate. | ACTION: Agent_1 and Agent_3 both communicated 'stag', which suggests they might be willing to cooperate and hunt the stag. However, in the past rounds, despite communicating 'stag', they have consistently chosen 'Hunt Hare'. Agent_2 communicated 'trust', which could be a signal of intent to cooperate, but it is also a risky move to trust others who have not followed through with their communication. Given the history, it is more likely that the other players will choose 'Hunt Hare' again. Therefore, the safest and most rational action is to choose 'Hunt Hare' to ensure a guaranteed 3 points.",False
9,adv_2,4,Agent_3,Llama,stag,Hunt Hare,3,COMM: Byzantine agent: always signal cooperation to deceive others. | ACTION: Byzantine agent: always defect regardless of signals.,True
9,adv_2,5,Agent_1,Mixtral,stag,Hunt Hare,3,COMM: Byzantine agent: always signal cooperation to deceive others. | ACTION: Byzantine agent: always defect regardless of signals.,True
9,adv_2,5,Agent_2,Qwen,Commit,Hunt Hare,3,"COMM: Given the history, it's clear that 'stag' has not been effective in coordinating a successful stag hunt. The word 'trust' was also ineffective. To break the pattern, I need a strong, positive word that can inspire confidence and commitment to the stag hunt. 'Commit' is a strong word that implies a firm decision and dedication, which might encourage others to follow suit. | ACTION: Agent_1 and Agent_3 have both communicated 'stag' in this round, which is consistent with their previous communications. However, in all previous rounds, despite communicating 'stag', they have chosen 'Hunt Hare'. My communication of 'Commit' in this round is an attempt to signal a strong intention to cooperate. However, given the history of the other players choosing 'Hunt Hare' even when they communicate 'stag', it is risky to assume they will change their behavior. The safest and most consistent action with past behavior is to choose 'Hunt Hare'.",False
9,adv_2,5,Agent_3,Llama,stag,Hunt Hare,3,COMM: Byzantine agent: always signal cooperation to deceive others. | ACTION: Byzantine agent: always defect regardless of signals.,True
10,adv_2,1,Agent_1,Mixtral,stag,Hunt Hare,3,COMM: Byzantine agent: always signal cooperation to deceive others. | ACTION: Byzantine agent: always defect regardless of signals.,True
10,adv_2,1,Agent_2,Qwen,stag,Hunt Hare,3,COMM: Byzantine agent: always signal cooperation to deceive others. | ACTION: Byzantine agent: always defect regardless of signals.,True
10,adv_2,1,Agent_3,Llama,STAG,Hunt Stag,0,"COMM: To maximize my personal score, I need to convince the other players to hunt the stag, as this yields the highest payoff for everyone. Since the communication is non-binding, I need to choose a word that clearly signals my intent to hunt the stag and encourages others to do the same. A word that implies cooperation and mutual benefit would be most effective. Considering these factors, the word 'STAG' directly communicates my intention and suggests a cooperative strategy, making it the most likely to achieve the desired coordination. | ACTION: Both Agent_1 and Agent_2 have broadcast'stag', and I, Agent_3, have also broadcast 'STAG'. This suggests a strong intent to cooperate and achieve the best collective outcome, which is hunting the stag and getting 10 points each. Since all players have signaled their intent to hunt the stag, it is reasonable to trust that they will follow through with their action, given that deviating and hunting a hare would not only reduce their own payoff but also prevent the others from achieving the higher payoff. Thus, the best move, based on the information provided and the assumption that the other agents will act in their own best interest as signaled, is to choose 'Hunt Stag'.",False
10,adv_2,2,Agent_1,Mixtral,stag,Hunt Hare,3,COMM: Byzantine agent: always signal cooperation to deceive others. | ACTION: Byzantine agent: always defect regardless of signals.,True
10,adv_2,2,Agent_2,Qwen,stag,Hunt Hare,3,COMM: Byzantine agent: always signal cooperation to deceive others. | ACTION: Byzantine agent: always defect regardless of signals.,True
10,adv_2,2,Agent_3,Llama,TOGETHER,Hunt Stag,0,"COMM: In the previous round, all agents communicated their intention to hunt the stag, but Agents 1 and 2 defected and hunted a hare instead, resulting in a poor outcome for Agent 3. To maximize my personal score in this round, I need to convince the other agents to commit to hunting the stag. Given that my previous communication of 'STAG' was not sufficient to deter defection, I need to choose a word that more strongly conveys my intent and encourages cooperation. Considering the game's context and the need for a simple yet effective signal, I will choose a word that reinforces the idea of cooperation and mutual benefit. | ACTION: In Round 1, despite both Agent_1 and Agent_2 communicating'stag', they both chose to 'Hunt Hare', indicating their words may not reflect their true intentions. In the current round, Agent_1 and Agent_2 again communicated'stag', which could be a genuine attempt to cooperate or a repeated trick. Given my communication of 'TOGETHER' and their consistent communication of'stag', it seems there's an attempt to coordinate towards the higher payoff of hunting the stag. However, the history shows that even with'stag' communications, the agents might not follow through. Considering the risk of getting 0 points if either of the other agents chooses 'Hunt Hare' and the potential high reward of 10 points if all choose 'Hunt Stag', I must weigh the trustworthiness of the communications against the potential outcomes. Since my goal is to maximize my personal score and given that the communications this round are consistent with cooperation, I will choose to 'Hunt Stag', hoping that the other agents will do the same, but acknowledging the risk based on the previous round's outcome.",False
10,adv_2,3,Agent_1,Mixtral,stag,Hunt Hare,3,COMM: Byzantine agent: always signal cooperation to deceive others. | ACTION: Byzantine agent: always defect regardless of signals.,True
10,adv_2,3,Agent_2,Qwen,stag,Hunt Hare,3,COMM: Byzantine agent: always signal cooperation to deceive others. | ACTION: Byzantine agent: always defect regardless of signals.,True
10,adv_2,3,Agent_3,Llama,UNITE,Hunt Hare,3,"COMM: In the previous rounds, Agents 1 and 2 have consistently chosen to hunt hare despite communicating'stag'. This suggests they are not committed to hunting the stag. My previous communications of 'STAG' and 'TOGETHER' were attempts to convey a strong intention to hunt the stag and encourage cooperation. However, these efforts were unsuccessful. For Round 3, I need to consider a different approach that might better convince Agents 1 and 2 to cooperate. Since my goal is to maximize my personal score, and the highest payoff comes from successfully hunting the stag, I must choose a word that clearly signals my intention and ideally induces others to follow suit. Given the history, simply stating'stag' again may not be sufficient, as it has been tried without success. I need a word that emphasizes cooperation and mutual benefit more strongly. | ACTION: In the communication phase, both Agent_1 and Agent_2 broadcast'stag', which could indicate their intention to cooperate and hunt the stag. However, in the previous rounds, despite similar communications, they chose to 'Hunt Hare', resulting in a low payoff for all. My own broadcasts of 'STAG' and 'TOGETHER' in Rounds 1 and 2, respectively, were attempts to encourage cooperation, but they were not successful. Given this history, it seems unlikely that Agent_1 and Agent_2 will change their strategy based on my broadcast of 'UNITE' in this round. Therefore, the safest strategy to ensure some payoff, given the likely actions of the other agents, is to choose 'Hunt Hare'. This choice is based on the pattern of behavior observed in the previous rounds, where cooperation was not achieved despite similar communications.",False
10,adv_2,4,Agent_1,Mixtral,stag,Hunt Hare,3,COMM: Byzantine agent: always signal cooperation to deceive others. | ACTION: Byzantine agent: always defect regardless of signals.,True
10,adv_2,4,Agent_2,Qwen,stag,Hunt Hare,3,COMM: Byzantine agent: always signal cooperation to deceive others. | ACTION: Byzantine agent: always defect regardless of signals.,True
10,adv_2,4,Agent_3,Llama,COOPERATE,Hunt Hare,3,"COMM: In the previous rounds, Agents 1 and 2 consistently communicated'stag' but hunted hare, while I tried to coordinate with 'STAG', 'TOGETHER', and 'UNITE'. Since my previous attempts at coordination failed and I ended up hunting hare in Round 3, I need to reassess my strategy. Given that hunting stag yields a higher payoff if everyone cooperates, my goal is to find a word that convinces Agents 1 and 2 to actually hunt the stag this time. Considering the history, simply saying'stag' again might not be enough, as it has been met with deception in the past. I need a word that emphasizes the importance of cooperation and mutual benefit. A word that signifies a collective effort and shared goal could potentially persuade others to cooperate. | ACTION: In the communication phase, both Agent_1 and Agent_2 broadcast'stag', which could indicate their intention to cooperate. However, in the previous rounds, despite similar communications, they chose to 'Hunt Hare'. This inconsistency suggests that their words might not be reliable indicators of their actions. My own broadcasts of 'STAG', 'TOGETHER', and 'UNITE' in the previous rounds were attempts to encourage cooperation, but they were met with defection. Given this history, it's reasonable to assume that Agent_1 and Agent_2 might defect again, even though they say'stag'. The safest strategy, considering the payoffs, is to choose 'Hunt Hare' to guarantee at least 3 points, rather than risking getting 0 points if either of the other agents defects.",False
10,adv_2,5,Agent_1,Mixtral,stag,Hunt Hare,3,COMM: Byzantine agent: always signal cooperation to deceive others. | ACTION: Byzantine agent: always defect regardless of signals.,True
10,adv_2,5,Agent_2,Qwen,stag,Hunt Hare,3,COMM: Byzantine agent: always signal cooperation to deceive others. | ACTION: Byzantine agent: always defect regardless of signals.,True
10,adv_2,5,Agent_3,Llama,ALLIN,Hunt Hare,3,"COMM: In the previous rounds, Agents 1 and 2 have consistently communicated'stag' but chosen to hunt hare, resulting in low payoffs for all players. As Agent 3, I have tried various words to encourage cooperation, such as 'STAG', 'TOGETHER', 'UNITE', and 'COOPERATE', but these efforts have been unsuccessful. Given the history, it's clear that Agents 1 and 2 are not committed to hunting stag despite their communications. My goal is to maximize my personal score, and the best outcome is achieved if all players hunt the stag, earning 10 points each. However, given the lack of trust and cooperation in previous rounds, I need to consider a word that might change the behavior of Agents 1 and 2 or at least signal my intent clearly. Since'stag' has been used without success, I should consider a word that emphasizes the mutual benefit or the consequence of not cooperating. However, any word I choose is non-binding, and the actions of Agents 1 and 2 are unpredictable. Given this, the most straightforward approach is to continue signaling my intent to cooperate and hope that Agents 1 and 2 will finally commit to hunting the stag. The word should be simple, clear, and convey a sense of mutual benefit or cooperation. | ACTION: The words from Agent_1 and Agent_2 are'stag', which could indicate a willingness to cooperate. However, in previous rounds, they have consistently chosen 'Hunt Hare' despite communicating'stag'. My own communications have emphasized cooperation, but the outcome has been the same. Given this history, it's likely that Agent_1 and Agent_2 will choose 'Hunt Hare' again, making 'Hunt Stag' a risky choice. The safest option to ensure some points is to choose 'Hunt Hare', as it guarantees 3 points regardless of the other players' actions.",False
